"Map_value","Pixel_count","adjusted"
1,2827659,308.873899214155
10,285288,100
11,1202702,131.374842699442
100,236823,100
101,196109,100
110,42069,100
111,164377,100
